[
	{
		"__TYPE__": "SharedSliceContent",
		"variation": "default",
		"primary": {
			"video": {
				"__TYPE__": "LinkContent",
				"value": {
					"id": "mock_Media_link",
					"kind": "image/jpeg",
					"name": "mock_name",
					"url": "https://source.unsplash.com/daily",
					"size": "0",
					"__TYPE__": "FileLink"
				}
			},
			"home_image": {
				"__TYPE__": "ImageContent",
				"origin": {
					"id": "main",
					"url": "https://images.unsplash.com/photo-1593642633279-1796119d5482",
					"width": 4016,
					"height": 6016
				},
				"url": "https://images.unsplash.com/photo-1593642633279-1796119d5482",
				"width": 4016,
				"height": 6016,
				"edit": {
					"zoom": 1,
					"crop": {
						"x": 0,
						"y": 0
					},
					"background": "transparent"
				},
				"thumbnails": {}
			}
		},
		"items": []
	}
]