{
  "id": "home_hero",
  "type": "SharedSlice",
  "name": "HomeHero",
  "description": "HomeHero",
  "variations": [
    {
      "id": "default",
      "name": "Default",
      "docURL": "...",
      "version": "initial",
      "description": "Default",
      "imageUrl": "",
      "primary": {
        "video": {
          "type": "Link",
          "config": {
            "label": "Video",
            "placeholder": "",
            "select": "media"
          }
        },
        "home_image": {
          "type": "Image",
          "config": {
            "label": "Home Image",
            "constraint": {},
            "thumbnails": []
          }
        }
      },
      "items": {}
    }
  ]
}