[
	{
		"__TYPE__": "SharedSliceContent",
		"variation": "default",
		"primary": {},
		"items": [
			{
				"__TYPE__": "GroupItemContent",
				"value": [
					[
						"product_image",
						{
							"origin": {
								"id": "main",
								"url": "https://images.unsplash.com/photo-1544731612-de7f96afe55f",
								"width": 6000,
								"height": 4000
							},
							"url": "https://images.unsplash.com/photo-1544731612-de7f96afe55f",
							"width": 6000,
							"height": 4000,
							"edit": {
								"zoom": 1,
								"crop": {
									"x": 0,
									"y": 0
								},
								"background": "transparent"
							},
							"credits": null,
							"alt": null,
							"__TYPE__": "ImageContent",
							"thumbnails": {}
						}
					],
					[
						"product_title",
						{
							"__TYPE__": "FieldContent",
							"value": "coffee",
							"type": "Text"
						}
					],
					[
						"product_category",
						{
							"__TYPE__": "FieldContent",
							"value": "Interior Paint",
							"type": "Select"
						}
					]
				]
			}
		]
	}
]