{
  "id": "product_card",
  "type": "SharedSlice",
  "name": "ProductCard",
  "description": "ProductCard",
  "variations": [
    {
      "id": "default",
      "name": "Default",
      "docURL": "...",
      "version": "initial",
      "description": "Default",
      "imageUrl": "",
      "primary": {},
      "items": {
        "product_image": {
          "type": "Image",
          "config": {
            "label": "Product Image",
            "constraint": {},
            "thumbnails": []
          }
        },
        "product_title": {
          "type": "Text",
          "config": {
            "label": "Product Title",
            "placeholder": ""
          }
        },
        "product_category": {
          "type": "Select",
          "config": {
            "label": "Product Category",
            "placeholder": "",
            "options": [
              "Interior Paint",
              "Exterior Paint"
            ]
          }
        }
      }
    }
  ]
}