{
  "id": "home_about_section",
  "type": "SharedSlice",
  "name": "HomeAboutSection",
  "description": "HomeAboutSection",
  "variations": [
    {
      "id": "default",
      "name": "Default",
      "docURL": "...",
      "version": "initial",
      "description": "Default",
      "imageUrl": "",
      "primary": {
        "about_company": {
          "type": "StructuredText",
          "config": {
            "label": "About Company",
            "placeholder": "",
            "allowTargetBlank": true,
            "multi": "paragraph,preformatted,heading1,heading2,heading3,heading4,heading5,heading6,strong,em,hyperlink,image,embed,list-item,o-list-item,rtl"
          }
        }
      },
      "items": {}
    }
  ]
}