[
	{
		"__TYPE__": "SharedSliceContent",
		"variation": "default",
		"primary": {
			"home_products_content": {
				"__TYPE__": "FieldContent",
				"value": "fifty",
				"type": "Text"
			}
		},
		"items": [
			{
				"__TYPE__": "GroupItemContent",
				"value": [
					[
						"home_product_image",
						{
							"origin": {
								"id": "main",
								"url": "https://images.unsplash.com/photo-1541807084-5c52b6b3adef",
								"width": 4000,
								"height": 6000
							},
							"url": "https://images.unsplash.com/photo-1541807084-5c52b6b3adef",
							"width": 4000,
							"height": 6000,
							"edit": {
								"zoom": 1,
								"crop": {
									"x": 0,
									"y": 0
								},
								"background": "transparent"
							},
							"credits": null,
							"alt": null,
							"__TYPE__": "ImageContent",
							"thumbnails": {}
						}
					],
					[
						"home_product_title",
						{
							"__TYPE__": "FieldContent",
							"value": "discussion",
							"type": "Text"
						}
					]
				]
			}
		]
	}
]